Campaign,Campaign Type,Campaign Status,Budget,Budget type,Networks,Languages,Location,Ad Group,Ad Group Status,Max CPC,Keyword,Criterion Type,Final URL,Ad type,Ad status,Path 1,Path 2,Headline 1,Headline 2,Headline 3,Headline 4,Headline 5,Headline 6,Headline 7,Headline 8,Headline 9,Headline 10,Headline 11,Headline 12,Headline 13,Headline 14,Headline 15,Description 1,Description 2,Description 3,Description 4
FB TR Evde Antrenman,Search,Paused,,Daily,Google search,Turkish,,,,,,,,,,,,,,,,,,,,,,,,,,,,,,
FB TR Evde Antrenman,,,,,,,,,,,spor salonu fiyat,Negative Phrase,,,,,,,,,,,,,,,,,,,,,,,,
FB TR Evde Antrenman,,,,,,,,,,,bedava film,Negative Phrase,,,,,,,,,,,,,,,,,,,,,,,,
FB TR Evde Antrenman,,,,,,,,,,,oyun,Negative Phrase,,,,,,,,,,,,,,,,,,,,,,,,
FB TR Evde Antrenman,,,,,,,,Ekipmansız ev programı,Paused,,,,,,,,,,,,,,,,,,,,,,,,,,,
FB TR Evde Antrenman,,,,,,,,Ekipmansız ev programı,,,evde spor programı,Phrase,,,,,,,,,,,,,,,,,,,,,,,,
FB TR Evde Antrenman,,,,,,,,Ekipmansız ev programı,,,evde antrenman programı,Phrase,,,,,,,,,,,,,,,,,,,,,,,,
FB TR Evde Antrenman,,,,,,,,Ekipmansız ev programı,,,ekipmansız antrenman,Phrase,,,,,,,,,,,,,,,,,,,,,,,,
FB TR Evde Antrenman,,,,,,,,Ekipmansız ev programı,,,evde spor hareketleri,Phrase,,,,,,,,,,,,,,,,,,,,,,,,
FB TR Evde Antrenman,,,,,,,,Ekipmansız ev programı,,,ekipmansız evde spor,Phrase,,,,,,,,,,,,,,,,,,,,,,,,
FB TR Evde Antrenman,,,,,,,,Ekipmansız ev programı,,,evde egzersiz programı,Phrase,,,,,,,,,,,,,,,,,,,,,,,,
FB TR Evde Antrenman,,,,,,,,Ekipmansız ev programı,,,,,https://fullbalance.app/evde-spor-programi?utm_source=google&utm_medium=cpc&utm_campaign=home_tr_search&utm_content=rsa_a&utm_term={keyword},Responsive search ad,Paused,evde,program,Ekipmansız Evde Spor Programı,Ücretsiz Kişisel Plan,Seviyene Göre Set ve Tekrar,Kredi Kartı Gerekmez,Dinlenme Günleri Planlı,Beslenme Planı Dahil,Kendi Ev Planını Oluştur,Gerçek Örnek Hafta Sayfada,Full Balance,Salon Makinesi Yok,"Haftada 3, 4 veya 5 Gün",Öncelikli Bölge Seçimi,Hareket Alternatiflerini Gör,Abonelik Yok,"Türkçe, Ücretsiz, Reklamsız","Hedefine ve seviyene göre ekipmansız ev planı. Set, tekrar ve dinlenme bilgileri.","Sayfadaki örnek haftayı incele, ardından kendi ev programını oluştur.",Yeni başlayanlar için uygun seçenekleri ve hareket alternatiflerini incele.,"Beslenme, su ve uyku takibi aynı planda. Tamamen ücretsiz, kredi kartı istenmez."
FB TR Evde Antrenman,,,,,,,,Dambıl ev programı,Paused,,,,,,,,,,,,,,,,,,,,,,,,,,,
FB TR Evde Antrenman,,,,,,,,Dambıl ev programı,,,evde dambıl programı,Phrase,,,,,,,,,,,,,,,,,,,,,,,,
FB TR Evde Antrenman,,,,,,,,Dambıl ev programı,,,evde dambıl antrenman,Phrase,,,,,,,,,,,,,,,,,,,,,,,,
FB TR Evde Antrenman,,,,,,,,Dambıl ev programı,,,dambıl ile antrenman programı,Phrase,,,,,,,,,,,,,,,,,,,,,,,,
FB TR Evde Antrenman,,,,,,,,Dambıl ev programı,,,evde dumbell ile vücut geliştirme programı,Phrase,,,,,,,,,,,,,,,,,,,,,,,,
FB TR Evde Antrenman,,,,,,,,Dambıl ev programı,,,evde dumbell ile vücut geliştirme programı,Exact,,,,,,,,,,,,,,,,,,,,,,,,
FB TR Evde Antrenman,,,,,,,,Dambıl ev programı,,,evde dambıl ile spor programı,Phrase,,,,,,,,,,,,,,,,,,,,,,,,
FB TR Evde Antrenman,,,,,,,,Dambıl ev programı,,,evde dambıl ile spor programı,Exact,,,,,,,,,,,,,,,,,,,,,,,,
FB TR Evde Antrenman,,,,,,,,Dambıl ev programı,,,evde dambıl antrenman programı,Exact,,,,,,,,,,,,,,,,,,,,,,,,
FB TR Evde Antrenman,,,,,,,,Dambıl ev programı,,,,,https://fullbalance.app/evde-dambil-antrenman-programi?utm_source=google&utm_medium=cpc&utm_campaign=home_tr_dumbbell&utm_content=rsa_a&utm_term={keyword},Responsive search ad,Paused,dambil,program,Dambılla Evde Antrenman,Evde Kas Geliştirme Planı,Ücretsiz Kişisel Program,Seviyene Göre Set ve Tekrar,Kredi Kartı Gerekmez,Beslenme Planı Dahil,Salon Makinesi Yok,Full Balance,Dinlenme Günleri Planlı,"Haftada 3, 4 veya 5 Gün",Öncelikli Bölge Seçimi,Örnek Hafta Sayfada,,,,Dambıl veya bantla evde çalış. Beslenme ve su takibini planınla birlikte gör.,"Hedefine ve seviyene göre dambıl planı. Set, tekrar ve dinlenme bilgileri.","Önce sayfadaki örnek haftayı incele, sonra kendi planını oluştur. Abonelik yok.",
FB ES Entrenamiento en Casa,Search,Paused,,Daily,Google search,Spanish,,,,,,,,,,,,,,,,,,,,,,,,,,,,,,
FB ES Entrenamiento en Casa,,,,,,,,,,,gimnasio precio,Negative Phrase,,,,,,,,,,,,,,,,,,,,,,,,
FB ES Entrenamiento en Casa,,,,,,,,,,,gratis película,Negative Phrase,,,,,,,,,,,,,,,,,,,,,,,,
FB ES Entrenamiento en Casa,,,,,,,,,,,juego,Negative Phrase,,,,,,,,,,,,,,,,,,,,,,,,
FB ES Entrenamiento en Casa,,,,,,,,Sin material,Paused,,,,,,,,,,,,,,,,,,,,,,,,,,,
FB ES Entrenamiento en Casa,,,,,,,,Sin material,,,rutina en casa sin equipo,Phrase,,,,,,,,,,,,,,,,,,,,,,,,
FB ES Entrenamiento en Casa,,,,,,,,Sin material,,,entrenamiento en casa sin material,Phrase,,,,,,,,,,,,,,,,,,,,,,,,
FB ES Entrenamiento en Casa,,,,,,,,Sin material,,,plan de entrenamiento en casa gratis,Phrase,,,,,,,,,,,,,,,,,,,,,,,,
FB ES Entrenamiento en Casa,,,,,,,,Sin material,,,rutina de ejercicios en casa,Phrase,,,,,,,,,,,,,,,,,,,,,,,,
FB ES Entrenamiento en Casa,,,,,,,,Sin material,,,,,https://fullbalance.app/es/entrenamiento-en-casa-sin-equipo?utm_source=google&utm_medium=cpc&utm_campaign=home_es_search&utm_content=rsa_a&utm_term={keyword},Responsive search ad,Paused,casa,plan,Plan en Casa sin Material,"Gratis, sin Tarjeta",Series y Reps por Nivel,Nutrición Incluida,Semana de Ejemplo Real,Crea Tu Plan Personal,Full Balance,Sin Máquinas de Gimnasio,Días de Descanso Planificados,"3, 4 o 5 Días por Semana",Elige tu Zona Prioritaria,Sin Suscripción,,,,"Plan en casa según tu nivel y objetivo. Consulta series, repeticiones y descanso.",Mira la semana de ejemplo en la página y crea tu plan cuando quieras.,"Nutrición, agua y sueño en el mismo plan. Totalmente gratis, sin tarjeta de crédito.",
FB ES Entrenamiento en Casa,,,,,,,,Con mancuernas,Paused,,,,,,,,,,,,,,,,,,,,,,,,,,,
FB ES Entrenamiento en Casa,,,,,,,,Con mancuernas,,,rutina con mancuernas en casa,Phrase,,,,,,,,,,,,,,,,,,,,,,,,
FB ES Entrenamiento en Casa,,,,,,,,Con mancuernas,,,entrenamiento con mancuernas en casa,Phrase,,,,,,,,,,,,,,,,,,,,,,,,
FB ES Entrenamiento en Casa,,,,,,,,Con mancuernas,,,rutina de mancuernas para principiantes,Phrase,,,,,,,,,,,,,,,,,,,,,,,,
FB ES Entrenamiento en Casa,,,,,,,,Con mancuernas,,,,,https://fullbalance.app/es/entrenamiento-en-casa-con-mancuernas?utm_source=google&utm_medium=cpc&utm_campaign=home_es_dumbbell&utm_content=rsa_a&utm_term={keyword},Responsive search ad,Paused,mancuernas,plan,Rutina con Mancuernas,"Gratis, sin Tarjeta",Series y Reps por Nivel,Nutrición Incluida,Sin Máquinas de Gimnasio,Full Balance,Semana de Ejemplo Real,Crea Tu Plan Personal,Días de Descanso Planificados,Sin Suscripción,,,,,,Entrena en casa con mancuernas o bandas. Consulta tu plan y seguimiento de nutrición.,"Plan personal según tu nivel, objetivo y días. Series, reps y descanso claros.",,
FB EN Photo Calories,Search,Paused,,Daily,Google search,English,,,,,,,,,,,,,,,,,,,,,,,,,,,,,,
FB EN Photo Calories,,,,,,,,Photo calorie estimate,Paused,,,,,,,,,,,,,,,,,,,,,,,,,,,
FB EN Photo Calories,,,,,,,,Photo calorie estimate,,,photo calorie counter,Phrase,,,,,,,,,,,,,,,,,,,,,,,,
FB EN Photo Calories,,,,,,,,Photo calorie estimate,,,calories from photo,Phrase,,,,,,,,,,,,,,,,,,,,,,,,
FB EN Photo Calories,,,,,,,,Photo calorie estimate,,,photo calorie estimator,Exact,,,,,,,,,,,,,,,,,,,,,,,,
FB EN Photo Calories,,,,,,,,Photo calorie estimate,,,track calories with photo,Exact,,,,,,,,,,,,,,,,,,,,,,,,
FB EN Photo Calories,,,,,,,,Photo calorie estimate,,,,,https://fullbalance.app/en/photo-calorie-counter?utm_source=google&utm_medium=cpc&utm_campaign=photo_en_search&utm_content=rsa_a&utm_term={keyword},Responsive search ad,Paused,photo,calories,Photo Calorie Estimate,Track Meals With a Photo,Review Your Food Estimate,Photo Meal Tracking,Explore Full Balance,See Estimated Macros,Adjust Your Portions,Estimate Meal Calories,,,,,,,,Upload a meal photo for a calorie estimate. Review foods and portions in your browser.,See an estimated calorie range and adjust ingredients such as oil or sauce.,Use the photo tool without signup. An account is needed for a personal plan.,
FB EN Home Workout,Search,Paused,,Daily,Google search,English,,,,,,,,,,,,,,,,,,,,,,,,,,,,,,
FB EN Home Workout,,,,,,,,No equipment home workout,Paused,,,,,,,,,,,,,,,,,,,,,,,,,,,
FB EN Home Workout,,,,,,,,No equipment home workout,,,home workout no equipment,Phrase,,,,,,,,,,,,,,,,,,,,,,,,
FB EN Home Workout,,,,,,,,No equipment home workout,,,no equipment workout plan,Phrase,,,,,,,,,,,,,,,,,,,,,,,,
FB EN Home Workout,,,,,,,,No equipment home workout,,,bodyweight workout plan at home,Exact,,,,,,,,,,,,,,,,,,,,,,,,
FB EN Home Workout,,,,,,,,No equipment home workout,,,home exercise plan no equipment,Exact,,,,,,,,,,,,,,,,,,,,,,,,
FB EN Home Workout,,,,,,,,No equipment home workout,,,,,https://fullbalance.app/en/home-workout-no-equipment?utm_source=google&utm_medium=cpc&utm_campaign=home_en_no_equipment&utm_content=rsa_a&utm_term={keyword},Responsive search ad,Paused,home,workout,Home Workout No Equipment,Create a Home Workout Plan,Bodyweight Exercises at Home,Plan by Goal and Level,See Sets and Reps,Choose Your Workout Days,Review a Sample Week,Full Balance,,,,,,,,"Build a home workout plan around your goal, level and available days.","Explore bodyweight exercises, sets, reps and planned rest days.",See a sample week on the page before creating your personal plan.,
FB TR Fotoğraf Kalori,Search,Paused,,Daily,Google search,Turkish,,,,,,,,,,,,,,,,,,,,,,,,,,,,,,
FB TR Fotoğraf Kalori,,,,,,,,Fotoğrafla kalori tahmini,Paused,,,,,,,,,,,,,,,,,,,,,,,,,,,
FB TR Fotoğraf Kalori,,,,,,,,Fotoğrafla kalori tahmini,,,fotoğrafla kalori hesaplama,Phrase,,,,,,,,,,,,,,,,,,,,,,,,
FB TR Fotoğraf Kalori,,,,,,,,Fotoğrafla kalori tahmini,,,fotoğraftan kalori hesaplama,Phrase,,,,,,,,,,,,,,,,,,,,,,,,
FB TR Fotoğraf Kalori,,,,,,,,Fotoğrafla kalori tahmini,,,yemek fotoğrafından kalori,Exact,,,,,,,,,,,,,,,,,,,,,,,,
FB TR Fotoğraf Kalori,,,,,,,,Fotoğrafla kalori tahmini,,,fotoğrafla kalori takibi,Exact,,,,,,,,,,,,,,,,,,,,,,,,
FB TR Fotoğraf Kalori,,,,,,,,Fotoğrafla kalori tahmini,,,,,https://fullbalance.app/fotografla-kalori-hesaplama?utm_source=google&utm_medium=cpc&utm_campaign=photo_tr_search&utm_content=rsa_a&utm_term={keyword},Responsive search ad,Paused,foto,kalori,Fotoğrafla Kalori Tahmini,Yemeğinin Fotoğrafını Ekle,Kalori Tahminini İncele,Kalori Aralığını Gör,Porsiyonları Düzenle,Besin Değerlerini Gör,Full Balance,Yağ ve Sosu Ekle,,,,,,,,"Yemek fotoğrafı ekle, tahmini kalori aralığını ve porsiyonları incele.","Görünmeyen yağ veya sosu ekle, yiyecekleri ve gramları düzenle.",Fotoğraf aracı üyeliksiz. Kişisel plan için hesap gerekir.,
FB ES Calorías con Foto,Search,Paused,,Daily,Google search,Spanish,,,,,,,,,,,,,,,,,,,,,,,,,,,,,,
FB ES Calorías con Foto,,,,,,,,Estimación de calorías por foto,Paused,,,,,,,,,,,,,,,,,,,,,,,,,,,
FB ES Calorías con Foto,,,,,,,,Estimación de calorías por foto,,,contar calorias con foto,Phrase,,,,,,,,,,,,,,,,,,,,,,,,
FB ES Calorías con Foto,,,,,,,,Estimación de calorías por foto,,,calorias de una foto,Phrase,,,,,,,,,,,,,,,,,,,,,,,,
FB ES Calorías con Foto,,,,,,,,Estimación de calorías por foto,,,contador de calorias por foto,Exact,,,,,,,,,,,,,,,,,,,,,,,,
FB ES Calorías con Foto,,,,,,,,Estimación de calorías por foto,,,calcular calorias comida foto,Exact,,,,,,,,,,,,,,,,,,,,,,,,
FB ES Calorías con Foto,,,,,,,,Estimación de calorías por foto,,,,,https://fullbalance.app/es/contar-calorias-con-foto?utm_source=google&utm_medium=cpc&utm_campaign=photo_es_search&utm_content=rsa_a&utm_term={keyword},Responsive search ad,Paused,foto,calorias,Calorías con una Foto,Estima Calorías de Comidas,Revisa Tu Estimación,Revisa Tus Porciones,Calorías y Macros,Explora Full Balance,Ajusta los Ingredientes,Foto de Tu Plato,,,,,,,,Sube una foto de tu comida y revisa el rango estimado de calorías.,Ajusta porciones e ingredientes como aceite o salsa en tu navegador.,Usa la foto sin registro. Para un plan personal necesitas una cuenta.,
